{
    "$schema": "https://railway.app/railway.schema.json",
    "build": {
        "builder": "DOCKERFILE",
        "dockerfilePath": "../../Dockerfile.remix"
    },
    "deploy": {
        "startCommand": "npm start",
        "healthcheckPath": "/health",
        "healthcheckTimeout": 300,
        "restartPolicyType": "ON_FAILURE",
        "restartPolicyMaxRetries": 10
    },
    "environments": {
        "production": {
            "variables": {
                "NODE_ENV": "production",
                "PORT": "3000",
                "LOG_LEVEL": "info"
            }
        },
        "staging": {
            "variables": {
                "NODE_ENV": "staging",
                "PORT": "3000",
                "LOG_LEVEL": "debug",
                "ENABLE_EXPERIMENTAL_FEATURES": "true",
                "ENABLE_AI_FEATURES": "true"
            }
        }
    }
}